id,page,department,series,name,spec,basePrice,designerPrice,retailPrice,designerAllowed,shopAllowed,source,notes
"FIOLE-0001","1","藥水","F.植萃燙髮（溫塑直髮）","100 EX 一劑 EXTRA HARD","400g","500","375","0","true","false","LINE_ALBUM_Fiole價目表_260804_1.jpg",""
"FIOLE-0002","1","藥水","F.植萃燙髮（溫塑直髮）","80 H 一劑 HARD","400g","500","375","0","true","false","LINE_ALBUM_Fiole價目表_260804_1.jpg",""
"FIOLE-0003","1","藥水","F.植萃燙髮（溫塑直髮）","50 N 一劑 NORMAL","400g","500","375","0","true","false","LINE_ALBUM_Fiole價目表_260804_1.jpg",""
"FIOLE-0004","1","藥水","F.植萃燙髮（溫塑直髮）","15 LD 一劑（酸性）","400g","500","375","0","true","false","LINE_ALBUM_Fiole價目表_260804_1.jpg",""
"FIOLE-0005","1","藥水","F.植萃燙髮（溫塑直髮）","LOTION 二劑（液狀）","400mL","300","225","0","true","false","LINE_ALBUM_Fiole價目表_260804_1.jpg",""
"FIOLE-0006","1","藥水","F.植萃燙髮（溫塑直髮）","LD 二劑（乳液狀）","400mL","300","225","0","true","false","LINE_ALBUM_Fiole價目表_260804_1.jpg",""
"FIOLE-0007","1","藥水","F.植萃燙髮（溫塑直髮）","CREAM 二劑（霜狀）","400g","400","300","0","true","false","LINE_ALBUM_Fiole價目表_260804_1.jpg",""
"FIOLE-0008","1","藥水","F.植萃燙髮（溫塑直髮）","LOTION OX2 二劑（液狀）","2000mL","650","488","0","true","false","LINE_ALBUM_Fiole價目表_260804_1.jpg",""
"FIOLE-0009","1","藥水","F.植萃燙髮（溫塑直髮）","ST 軟化加強劑","200mL","400","300","0","true","false","LINE_ALBUM_Fiole價目表_260804_1.jpg",""
"FIOLE-0010","1","藥水","F.WAVE 翡翠冷燙","翡翠冷燙 H1 一劑","400mL","350","263","0","true","false","LINE_ALBUM_Fiole價目表_260804_1.jpg",""
"FIOLE-0011","1","藥水","F.WAVE 翡翠冷燙","翡翠冷燙 N1 一劑","400mL","350","263","0","true","false","LINE_ALBUM_Fiole價目表_260804_1.jpg",""
"FIOLE-0012","1","藥水","F.WAVE 翡翠冷燙","翡翠冷燙 10% 二劑（溴酸鈉）","960mL","400","300","0","true","false","LINE_ALBUM_Fiole價目表_260804_1.jpg",""
"FIOLE-0013","1","藥水","F.綻放柔妝燙","Ha1 一劑（液狀）","400mL","350","263","0","true","false","LINE_ALBUM_Fiole價目表_260804_1.jpg",""
"FIOLE-0014","1","藥水","F.綻放柔妝燙","Sa1 一劑（液狀）","400mL","350","263","0","true","false","LINE_ALBUM_Fiole價目表_260804_1.jpg",""
"FIOLE-0015","1","藥水","F.綻放柔妝燙","Ec1 一劑（膏狀）","400g","500","375","0","true","false","LINE_ALBUM_Fiole價目表_260804_1.jpg",""
"FIOLE-0016","1","藥水","F.綻放柔妝燙","Hc1 一劑（膏狀）","400g","500","375","0","true","false","LINE_ALBUM_Fiole價目表_260804_1.jpg",""
"FIOLE-0017","1","藥水","F.綻放柔妝燙","Sc1 一劑（膏狀）","400g","500","375","0","true","false","LINE_ALBUM_Fiole價目表_260804_1.jpg",""
"FIOLE-0018","1","藥水","F.綻放柔妝燙","Ac1 一劑（膏狀）","400g","500","375","0","true","false","LINE_ALBUM_Fiole價目表_260804_1.jpg",""
"FIOLE-0019","1","藥水","F.綻放柔妝燙","燙前衛士","130g","500","375","0","true","false","LINE_ALBUM_Fiole價目表_260804_1.jpg",""
"FIOLE-0020","2","護髮系統","F.PROTECT 前中後處理","FP01 前置處理乳","300mL","450","338","0","true","true","LINE_ALBUM_Fiole價目表_260804_2.jpg",""
"FIOLE-0021","2","護髮系統","F.PROTECT 前中後處理","FP02 前置處理凝膠","300mL","450","338","0","true","true","LINE_ALBUM_Fiole價目表_260804_2.jpg",""
"FIOLE-0022","2","護髮系統","F.PROTECT 前中後處理","FP03 術後處理乳","300g","450","338","0","true","true","LINE_ALBUM_Fiole價目表_260804_2.jpg",""
"FIOLE-0023","2","護髮系統","F.PROTECT 前中後處理","FP00 頭皮保護乳化劑 補充包","1000mL","1400","1050","0","true","true","LINE_ALBUM_Fiole價目表_260804_2.jpg",""
"FIOLE-0024","2","護髮系統","F.PROTECT 前中後處理","FP01 前置處理乳 補充包","1500mL","1400","1050","0","true","true","LINE_ALBUM_Fiole價目表_260804_2.jpg",""
"FIOLE-0025","2","護髮系統","F.PROTECT 前中後處理","FP02 前置處理凝膠 補充包","1500mL","1400","1050","0","true","true","LINE_ALBUM_Fiole價目表_260804_2.jpg",""
"FIOLE-0026","2","護髮系統","F.PROTECT 前中後處理","FP04 中間處理劑 補充包","1500mL","1400","1050","0","true","true","LINE_ALBUM_Fiole價目表_260804_2.jpg",""
"FIOLE-0027","2","護髮系統","F.PROTECT 前中後處理","FP03 術後處理乳 補充包","1500g","1400","1050","0","true","true","LINE_ALBUM_Fiole價目表_260804_2.jpg",""
"FIOLE-0028","2","其他耗材","F.PROTECT 瓶材","FP01／FP02 專用空瓶","100mL","100","75","0","true","true","LINE_ALBUM_Fiole價目表_260804_2.jpg",""
"FIOLE-0029","2","其他耗材","F.PROTECT 瓶材","FP03 專用空瓶","1000mL","150","113","0","true","true","LINE_ALBUM_Fiole價目表_260804_2.jpg",""
"FIOLE-0030","2","其他耗材","F.PROTECT 瓶材","FP04 專業慕斯瓶","200mL","150","113","0","true","true","LINE_ALBUM_Fiole價目表_260804_2.jpg",""
"FIOLE-0031","2","護髮／造型","F.Protect OFF 零粹","BLEACH OFF BO 解髮露（處理液）","800mL","1500","1125","0","true","true","LINE_ALBUM_Fiole價目表_260804_2.jpg",""
"FIOLE-0032","2","洗髮／護髮","F.Protect OFF 零粹","METAL OFF MO 螯金洗（洗髮精）","900mL","600","450","0","true","true","LINE_ALBUM_Fiole價目表_260804_2.jpg",""
"FIOLE-0033","2","護髮／造型","F.Protect OFF 零粹","ALKALI OFF AO 平鹼護（護髮素）","900mL","880","660","0","true","true","LINE_ALBUM_Fiole價目表_260804_2.jpg",""
"FIOLE-0034","2","護髮／造型","F.Protect OFF 零粹","BLEACH OFF BO 解髮露 旅行包","100mL","280","210","0","true","true","LINE_ALBUM_Fiole價目表_260804_2.jpg",""
"FIOLE-0035","2","洗髮／護髮","F.Protect OFF 零粹","METAL OFF MO 螯金洗 旅行包","100mL","150","113","300","true","true","LINE_ALBUM_Fiole價目表_260804_2.jpg",""
"FIOLE-0036","2","護髮／造型","F.Protect OFF 零粹","ALKALI OFF AO 平鹼護 旅行包","100mL","150","113","300","true","true","LINE_ALBUM_Fiole價目表_260804_2.jpg",""
"FIOLE-0037","2","其他耗材","F.Protect OFF 零粹","BLEACH OFF BO 專用瓶","250mL","200","150","0","true","true","LINE_ALBUM_Fiole價目表_260804_2.jpg",""
"FIOLE-0038","3","藥水","綻放染劑","綻放雙氧乳 OX6%","1000mL","360","270","0","false","true","LINE_ALBUM_Fiole價目表_260804_3.jpg",""
"FIOLE-0039","3","藥水","綻放染劑","綻放雙氧乳 OX3%","1000mL","360","270","0","false","true","LINE_ALBUM_Fiole價目表_260804_3.jpg",""
"FIOLE-0040","3","藥水","綻放染劑","綻放雙氧乳 OX6%","2000mL","650","488","0","false","true","LINE_ALBUM_Fiole價目表_260804_3.jpg",""
"FIOLE-0041","3","藥水","綻放染劑","綻放雙氧乳 OX3%","2000mL","650","488","0","false","true","LINE_ALBUM_Fiole價目表_260804_3.jpg",""
"FIOLE-0042","3","藥水","綻放染劑","綻放雙氧乳 OX1.5%","2000mL","650","488","0","false","true","LINE_ALBUM_Fiole價目表_260804_3.jpg",""
"FIOLE-0043","3","藥水","綻放染劑","綻放 AC6%","2000mL","650","488","0","false","true","LINE_ALBUM_Fiole價目表_260804_3.jpg",""
"FIOLE-0044","3","藥水","綻放染劑","綻放 AC3%","2000mL","650","488","0","false","true","LINE_ALBUM_Fiole價目表_260804_3.jpg",""
"FIOLE-0045","3","藥水","根本染劑","根本雙氧乳 OX6%","2000mL","650","488","0","false","true","LINE_ALBUM_Fiole價目表_260804_3.jpg",""
"FIOLE-0046","3","藥水","根本染劑","根本雙氧乳 OX3%","2000mL","650","488","0","false","true","LINE_ALBUM_Fiole價目表_260804_3.jpg",""
"FIOLE-0047","3","染膏","露西亞漂粉","露西亞漂粉（極速型）","500g","900","630","0","true","false","LINE_ALBUM_Fiole價目表_260804_3.jpg",""
"FIOLE-0048","3","染膏","露西亞漂粉","露西亞漂粉","500g","900","630","0","true","false","LINE_ALBUM_Fiole價目表_260804_3.jpg",""
"FIOLE-0049","3","其他耗材","染劑周邊","色卡（綻放／根本／露西亞）","","1500","1125","0","true","true","LINE_ALBUM_Fiole價目表_260804_3.jpg",""
"FIOLE-0050","3","其他耗材","染劑周邊","染劑去色水（擦拭用化妝水）","280mL","320","240","0","true","true","LINE_ALBUM_Fiole價目表_260804_3.jpg",""
"FIOLE-0051","3","藥水","染劑周邊","馥郁雙氧乳 6%（灰頭）","2000g","650","488","0","false","true","LINE_ALBUM_Fiole價目表_260804_3.jpg",""
"FIOLE-0052","3","藥水","染劑周邊","馥郁雙氧乳 9%（灰頭）","2000g","650","488","0","false","true","LINE_ALBUM_Fiole價目表_260804_3.jpg",""
"FIOLE-0053","3","藥水","原子系列","原子雙氧乳 3%","2000g","800","600","0","false","true","LINE_ALBUM_Fiole價目表_260804_3.jpg",""
"FIOLE-0054","3","藥水","原子系列","原子雙氧乳 6%","2000g","800","600","0","false","true","LINE_ALBUM_Fiole價目表_260804_3.jpg",""
"FIOLE-0055","3","頭皮／隔離","原子系列","原子頭皮隔離","200g","350","263","0","true","true","LINE_ALBUM_Fiole價目表_260804_3.jpg",""
"FIOLE-0056","4","護髮系統","np3.1 柔絲結構式護髮","np3.1 個人化小組合 AF（藍）盒裝","130g","500","375","0","true","true","LINE_ALBUM_Fiole價目表_260804_4.jpg",""
"FIOLE-0057","4","護髮系統","np3.1 柔絲結構式護髮","np3.1 個人化小組合 MF（紅）盒裝","125g","500","375","0","true","true","LINE_ALBUM_Fiole價目表_260804_4.jpg",""
"FIOLE-0058","4","護髮系統","np3.1 柔絲結構式護髮","np3.1 護髮一劑 BC1","130g","550","413","0","true","false","LINE_ALBUM_Fiole價目表_260804_4.jpg",""
"FIOLE-0059","4","護髮系統","np3.1 柔絲結構式護髮","np3.1 護髮二劑 AF2（藍）","130g","400","300","0","true","false","LINE_ALBUM_Fiole價目表_260804_4.jpg",""
"FIOLE-0060","4","護髮系統","np3.1 柔絲結構式護髮","np3.1 護髮二劑 MF2（紅）","130g","400","300","0","true","false","LINE_ALBUM_Fiole價目表_260804_4.jpg",""
"FIOLE-0061","4","護髮系統","np3.1 柔絲結構式護髮","np3.1 護髮三劑 AF3（藍）","130g","550","413","0","true","true","LINE_ALBUM_Fiole價目表_260804_4.jpg",""
"FIOLE-0062","4","護髮系統","np3.1 柔絲結構式護髮","np3.1 護髮三劑 MF3（紅）","130g","550","413","0","true","true","LINE_ALBUM_Fiole價目表_260804_4.jpg",""
"FIOLE-0063","4","護髮／造型","np3.1 居家四劑","np3.1 居家四劑 AF+1（藍）","50g","220","165","440","true","true","LINE_ALBUM_Fiole價目表_260804_4.jpg",""
"FIOLE-0064","4","護髮／造型","np3.1 居家四劑","np3.1 居家四劑 MF+1（紅）","50g","220","165","440","true","true","LINE_ALBUM_Fiole價目表_260804_4.jpg",""
"FIOLE-0065","4","護髮／造型","np3.1 居家四劑","np3.1 居家四劑 AF+1（藍）","100g","420","315","840","true","true","LINE_ALBUM_Fiole價目表_260804_4.jpg",""
"FIOLE-0066","4","護髮／造型","np3.1 居家四劑","np3.1 居家四劑 MF+1（紅）","100g","420","315","840","true","true","LINE_ALBUM_Fiole價目表_260804_4.jpg",""
"FIOLE-0067","4","護髮／造型","np3.1 居家四劑","np3.1 居家四劑 AF+1（藍）","240g","820","615","1640","true","true","LINE_ALBUM_Fiole價目表_260804_4.jpg",""
"FIOLE-0068","4","護髮／造型","np3.1 居家四劑","np3.1 居家四劑 MF+1（紅）","240g","820","615","1640","true","true","LINE_ALBUM_Fiole價目表_260804_4.jpg",""
"FIOLE-0069","4","護髮系統","F.Protect CUREALL","CUREALL 護髮一劑 C.A1","400mL","660","495","0","true","false","LINE_ALBUM_Fiole價目表_260804_4.jpg",""
"FIOLE-0070","4","護髮系統","F.Protect CUREALL","CUREALL 護髮二劑 C.A2","250mL","660","495","0","true","false","LINE_ALBUM_Fiole價目表_260804_4.jpg",""
"FIOLE-0071","4","護髮系統","F.Protect CUREALL","CUREALL 護髮三劑 C.A3","125mL","660","495","0","true","true","LINE_ALBUM_Fiole價目表_260804_4.jpg",""
"FIOLE-0072","4","護髮／造型","F.Protect CUREALL","CUREALL 居家修護凝露","30mL","250","188","500","true","true","LINE_ALBUM_Fiole價目表_260804_4.jpg",""
"FIOLE-0073","4","護髮／造型","F.Protect CUREALL","CUREALL 居家修護凝露","100mL","420","315","840","true","true","LINE_ALBUM_Fiole價目表_260804_4.jpg",""
"FIOLE-0074","4","護髮系統","F.PROTESI 生命之鍵","F.color 生命之鍵 B 中和劑","300mL","450","338","0","true","true","LINE_ALBUM_Fiole價目表_260804_4.jpg",""
"FIOLE-0075","4","護髮系統","F.PROTESI 生命之鍵","F.color 生命之鍵 01","300mL","720","540","0","true","true","LINE_ALBUM_Fiole價目表_260804_4.jpg",""
"FIOLE-0076","4","護髮系統","F.PROTESI 生命之鍵","F.color 生命之鍵 02 補充包","550g","720","540","0","true","true","LINE_ALBUM_Fiole價目表_260804_4.jpg",""
"FIOLE-0077","4","護髮系統","F.PROTESI 生命之鍵","F.color 生命之鍵 03 補充包","550g","1200","900","0","true","true","LINE_ALBUM_Fiole價目表_260804_4.jpg",""
"FIOLE-0078","4","其他耗材","F.PROTESI 生命之鍵","F.color 生命之鍵 02 專用環保空瓶","","200","150","0","true","true","LINE_ALBUM_Fiole價目表_260804_4.jpg",""
"FIOLE-0079","4","其他耗材","F.PROTESI 生命之鍵","F.color 生命之鍵 03 專用環保空瓶","","200","150","0","true","true","LINE_ALBUM_Fiole價目表_260804_4.jpg",""
"FIOLE-0080","4","洗髮／護髮","呵護系列","呵護洗髮精（營業用）","5L","1800","1350","0","true","true","LINE_ALBUM_Fiole價目表_260804_4.jpg",""
"FIOLE-0081","4","洗髮／護髮","呵護系列","呵護護髮乳（營業用）","5L","1800","1350","0","true","true","LINE_ALBUM_Fiole價目表_260804_4.jpg",""
"FIOLE-0082","4","其他耗材","呵護系列","呵護專用空瓶","1000mL","180","135","360","true","true","LINE_ALBUM_Fiole價目表_260804_4.jpg",""
"FIOLE-0083","4","洗髮／護髮","呵護系列","呵護洗髮精","60mL","100","75","200","true","true","LINE_ALBUM_Fiole價目表_260804_4.jpg",""
"FIOLE-0084","4","洗髮／護髮","呵護系列","呵護護髮乳","60mL","100","75","200","true","true","LINE_ALBUM_Fiole價目表_260804_4.jpg",""
"FIOLE-0085","5","護髮／造型","F.Protect ADMORE","艾茉護髮霜（條狀）","150g","550","413","1100","true","true","LINE_ALBUM_Fiole價目表_260804_5.jpg",""
"FIOLE-0086","5","護髮系統","F.Protect ADMORE","艾茉護髮霜 補充包","550g","1400","1050","0","true","true","LINE_ALBUM_Fiole價目表_260804_5.jpg",""
"FIOLE-0087","5","其他耗材","F.Protect ADMORE","艾茉護髮霜 補充包專用瓶","","200","150","0","true","true","LINE_ALBUM_Fiole價目表_260804_5.jpg",""
"FIOLE-0088","5","護髮／造型","F.Protect ADMORE","艾茉免沖洗護髮慕斯","160g","550","413","1100","true","true","LINE_ALBUM_Fiole價目表_260804_5.jpg",""
"FIOLE-0089","5","洗髮／護髮","F.Protect ADMORE 旅行","檸檬菊花洗髮精","100mL","200","150","400","true","true","LINE_ALBUM_Fiole價目表_260804_5.jpg",""
"FIOLE-0090","5","洗髮／護髮","F.Protect ADMORE 旅行","檸檬杏花護髮素（輕潤）","100mL","200","150","400","true","true","LINE_ALBUM_Fiole價目表_260804_5.jpg",""
"FIOLE-0091","5","洗髮／護髮","F.Protect ADMORE 旅行","檸檬杏花護髮素（極潤）","100mL","200","150","400","true","true","LINE_ALBUM_Fiole價目表_260804_5.jpg",""
"FIOLE-0092","5","洗髮／護髮","F.Protect ADMORE 店販","檸檬菊花洗髮精","400mL","550","413","1100","true","true","LINE_ALBUM_Fiole價目表_260804_5.jpg",""
"FIOLE-0093","5","洗髮／護髮","F.Protect ADMORE 店販","檸檬杏花護髮素（輕潤）","400g","550","413","1100","true","true","LINE_ALBUM_Fiole價目表_260804_5.jpg",""
"FIOLE-0094","5","洗髮／護髮","F.Protect ADMORE 店販","檸檬杏花護髮素（極潤）","400g","550","413","1100","true","true","LINE_ALBUM_Fiole價目表_260804_5.jpg",""
"FIOLE-0095","5","洗髮／護髮","F.Protect ADMORE 補充包","檸檬菊花洗髮精","800mL","775","581","1550","true","true","LINE_ALBUM_Fiole價目表_260804_5.jpg",""
"FIOLE-0096","5","洗髮／護髮","F.Protect ADMORE 補充包","檸檬杏花護髮素（輕潤）","800g","775","581","1550","true","true","LINE_ALBUM_Fiole價目表_260804_5.jpg",""
"FIOLE-0097","5","洗髮／護髮","F.Protect ADMORE 補充包","檸檬杏花護髮素（極潤）","800g","775","581","1550","true","true","LINE_ALBUM_Fiole價目表_260804_5.jpg",""
"FIOLE-0098","6","洗髮／護髮","FASCINATO","抗老頭皮 AB（藍）洗髮精","250mL","475","356","950","true","true","LINE_ALBUM_Fiole價目表_260804_6.jpg",""
"FIOLE-0099","6","洗髮／護髮","FASCINATO","彈潤修護 AC（紅）洗髮精","250mL","475","356","950","true","true","LINE_ALBUM_Fiole價目表_260804_6.jpg",""
"FIOLE-0100","6","洗髮／護髮","FASCINATO","抗老頭皮 AB（藍）洗髮精 補充包","700mL","950","713","1900","true","true","LINE_ALBUM_Fiole價目表_260804_6.jpg",""
"FIOLE-0101","6","洗髮／護髮","FASCINATO","彈潤修護 AC（紅）洗髮精 補充包","700mL","950","713","1900","true","true","LINE_ALBUM_Fiole價目表_260804_6.jpg",""
"FIOLE-0102","6","其他耗材","FASCINATO","抗老頭皮 AB 洗髮精補充包專用瓶","700mL","150","113","300","true","true","LINE_ALBUM_Fiole價目表_260804_6.jpg",""
"FIOLE-0103","6","其他耗材","FASCINATO","彈潤修護 AC 洗髮精補充包專用瓶","700mL","150","113","300","true","true","LINE_ALBUM_Fiole價目表_260804_6.jpg",""
"FIOLE-0104","6","洗髮／護髮","FASCINATO","抗老頭皮 AB（藍）護髮素","180g","475","356","950","true","true","LINE_ALBUM_Fiole價目表_260804_6.jpg",""
"FIOLE-0105","6","洗髮／護髮","FASCINATO","彈潤修護 AC（紅）護髮素","180g","475","356","950","true","true","LINE_ALBUM_Fiole價目表_260804_6.jpg",""
"FIOLE-0106","6","洗髮／護髮","FASCINATO","抗老頭皮 AB（藍）護髮素 補充包","700g","1300","975","2600","true","true","LINE_ALBUM_Fiole價目表_260804_6.jpg",""
"FIOLE-0107","6","洗髮／護髮","FASCINATO","彈潤修護 AC（紅）護髮素 補充包","700g","1300","975","2600","true","true","LINE_ALBUM_Fiole價目表_260804_6.jpg",""
"FIOLE-0108","6","其他耗材","FASCINATO","抗老頭皮 AB 護髮素補充包專用瓶","700g","150","113","300","true","true","LINE_ALBUM_Fiole價目表_260804_6.jpg",""
"FIOLE-0109","6","其他耗材","FASCINATO","彈潤修護 AC 護髮素補充包專用瓶","700g","150","113","300","true","true","LINE_ALBUM_Fiole價目表_260804_6.jpg",""
"FIOLE-0110","6","洗髮／護髮","FASCINATO 試用","抗老頭皮 AB 洗護試用包","8mL&8g","45","34","90","true","true","LINE_ALBUM_Fiole價目表_260804_6.jpg",""
"FIOLE-0111","6","洗髮／護髮","FASCINATO 試用","彈潤修護 AC 洗護試用包","8mL&8g","45","34","90","true","true","LINE_ALBUM_Fiole價目表_260804_6.jpg",""
"FIOLE-0112","6","洗髮／護髮","FASCINATO","豐韌 AB 免沖洗精華乳","100mL","360","270","720","true","true","LINE_ALBUM_Fiole價目表_260804_6.jpg",""
"FIOLE-0113","6","洗髮／護髮","FASCINATO","彈潤 AC 免沖洗精華乳","100mL","360","270","720","true","true","LINE_ALBUM_Fiole價目表_260804_6.jpg",""
"FIOLE-0114","6","洗髮／護髮","FASCINATO 試用","豐韌 AB 免沖洗精華乳試用包","3mL","30","23","60","true","true","LINE_ALBUM_Fiole價目表_260804_6.jpg",""
"FIOLE-0115","6","洗髮／護髮","FASCINATO 試用","彈潤 AC 免沖洗精華乳試用包","3mL","30","23","60","true","true","LINE_ALBUM_Fiole價目表_260804_6.jpg",""
"FIOLE-0116","6","洗髮／護髮","FASCINATO","沐浴露","600mL","450","338","900","true","true","LINE_ALBUM_Fiole價目表_260804_6.jpg",""
"FIOLE-0117","6","頭皮／隔離","FASCINATO","抗老頭皮養髮液","150mL","600","450","1200","true","true","LINE_ALBUM_Fiole價目表_260804_6.jpg",""
"FIOLE-0118","6","洗髮／護髮","F.Protect 染燙專用","BASIC 豐盈洗髮精","300mL","360","270","720","true","true","LINE_ALBUM_Fiole價目表_260804_6.jpg",""
"FIOLE-0119","6","洗髮／護髮","F.Protect 染燙專用","RICH 滋潤洗髮精","300mL","360","270","720","true","true","LINE_ALBUM_Fiole價目表_260804_6.jpg",""
"FIOLE-0120","6","洗髮／護髮","F.Protect 染燙專用","DX 頭皮健康洗髮精","300mL","360","270","720","true","true","LINE_ALBUM_Fiole價目表_260804_6.jpg",""
"FIOLE-0121","6","洗髮／護髮","F.Protect 染燙專用","BASIC 豐盈洗髮精","1000mL","900","675","1800","true","true","LINE_ALBUM_Fiole價目表_260804_6.jpg",""
"FIOLE-0122","6","洗髮／護髮","F.Protect 染燙專用","RICH 滋潤洗髮精","1000mL","900","675","1800","true","true","LINE_ALBUM_Fiole價目表_260804_6.jpg",""
"FIOLE-0123","6","洗髮／護髮","F.Protect 染燙專用","BASIC 豐盈洗髮精 補充包","1000mL","800","600","1600","true","true","LINE_ALBUM_Fiole價目表_260804_6.jpg",""
"FIOLE-0124","6","洗髮／護髮","F.Protect 染燙專用","RICH 滋潤洗髮精 補充包","1000mL","800","600","1600","true","true","LINE_ALBUM_Fiole價目表_260804_6.jpg",""
"FIOLE-0125","6","洗髮／護髮","F.Protect 染燙專用","DX 頭皮健康洗髮精 補充包","1000mL","800","600","1600","true","true","LINE_ALBUM_Fiole價目表_260804_6.jpg",""
"FIOLE-0126","6","洗髮／護髮","F.Protect 染燙專用","BASIC 豐盈護髮膜","200g","360","270","720","true","true","LINE_ALBUM_Fiole價目表_260804_6.jpg",""
"FIOLE-0127","6","洗髮／護髮","F.Protect 染燙專用","RICH 滋潤護髮膜","200g","360","270","720","true","true","LINE_ALBUM_Fiole價目表_260804_6.jpg",""
"FIOLE-0128","6","洗髮／護髮","F.Protect 染燙專用","DX 頭皮健康護髮膜","200g","360","270","720","true","true","LINE_ALBUM_Fiole價目表_260804_6.jpg",""
"FIOLE-0129","6","洗髮／護髮","F.Protect 染燙專用","BASIC 豐盈護髮膜","1000g","1440","1080","2880","true","true","LINE_ALBUM_Fiole價目表_260804_6.jpg",""
"FIOLE-0130","6","洗髮／護髮","F.Protect 染燙專用","RICH 滋潤護髮膜","1000g","1440","1080","2880","true","true","LINE_ALBUM_Fiole價目表_260804_6.jpg",""
"FIOLE-0131","6","洗髮／護髮","F.Protect 染燙專用","BASIC 豐盈護髮膜 補充包","1000g","1300","975","2600","true","true","LINE_ALBUM_Fiole價目表_260804_6.jpg",""
"FIOLE-0132","6","洗髮／護髮","F.Protect 染燙專用","RICH 滋潤護髮膜 補充包","1000g","1300","975","2600","true","true","LINE_ALBUM_Fiole價目表_260804_6.jpg",""
"FIOLE-0133","6","洗髮／護髮","F.Protect 染燙專用","DX 頭皮健康護髮膜 補充包","1000g","1300","975","2600","true","true","LINE_ALBUM_Fiole價目表_260804_6.jpg",""
"FIOLE-0134","6","洗髮／護髮","F.Protect 染燙專用試用","BASIC 豐盈洗護試用包","8mL&8g","45","34","90","true","true","LINE_ALBUM_Fiole價目表_260804_6.jpg",""
"FIOLE-0135","6","洗髮／護髮","F.Protect 染燙專用試用","RICH 滋潤洗護試用包","8mL&8g","45","34","90","true","true","LINE_ALBUM_Fiole價目表_260804_6.jpg",""
"FIOLE-0136","6","洗髮／護髮","FORMKEEPER","抗熱免沖洗護髮精華","200g","300","225","600","true","true","LINE_ALBUM_Fiole價目表_260804_6.jpg",""
"FIOLE-0137","6","洗髮／護髮","FORMKEEPER","抗熱免沖洗護髮精華 試用包","5mL","20","15","40","true","true","LINE_ALBUM_Fiole價目表_260804_6.jpg",""
"FIOLE-0138","7","護髮／造型","大地果油","Level 1 艷澤 旅行包","7g","150","113","300","true","true","LINE_ALBUM_Fiole價目表_260804_7.jpg",""
"FIOLE-0139","7","護髮／造型","大地果油","Level 2 奢耀 旅行包","7g","150","113","300","true","true","LINE_ALBUM_Fiole價目表_260804_7.jpg",""
"FIOLE-0140","7","護髮／造型","大地果油","Level 1 艷澤","100mL","700","525","1400","true","true","LINE_ALBUM_Fiole價目表_260804_7.jpg",""
"FIOLE-0141","7","護髮／造型","大地果油","Level 2 奢耀","100mL","700","525","1400","true","true","LINE_ALBUM_Fiole價目表_260804_7.jpg",""
"FIOLE-0142","7","護髮／造型","大地果油","Level 0 經典","50g","350","263","700","true","true","LINE_ALBUM_Fiole價目表_260804_7.jpg",""
"FIOLE-0143","7","護髮／造型","大地果油","Level 0 經典","140g","600","450","1200","true","true","LINE_ALBUM_Fiole價目表_260804_7.jpg",""
"FIOLE-0144","7","護髮／造型","大地果油","Level 0 經典 試用包","5g","20","15","40","true","true","LINE_ALBUM_Fiole價目表_260804_7.jpg",""
"FIOLE-0145","7","洗髮／護髮","QUALUCIA COLOR","極光紫","250mL","480","360","800","true","true","LINE_ALBUM_Fiole價目表_260804_7.jpg",""
"FIOLE-0146","7","洗髮／護髮","QUALUCIA COLOR","仙氣粉","250mL","480","360","800","true","true","LINE_ALBUM_Fiole價目表_260804_7.jpg",""
"FIOLE-0147","7","洗髮／護髮","QUALUCIA COLOR","清水灰","250mL","480","360","800","true","true","LINE_ALBUM_Fiole價目表_260804_7.jpg",""
"FIOLE-0148","7","洗髮／護髮","QUALUCIA COLOR","琥珀橘","250mL","480","360","800","true","true","LINE_ALBUM_Fiole價目表_260804_7.jpg",""
"FIOLE-0149","7","洗髮／護髮","QUALUCIA COLOR","布朗棕","250mL","480","360","800","true","true","LINE_ALBUM_Fiole價目表_260804_7.jpg",""
"FIOLE-0150","7","洗髮／護髮","QUALUCIA COLOR","奶霜棕","250mL","480","360","800","true","true","LINE_ALBUM_Fiole價目表_260804_7.jpg",""
"FIOLE-0151","7","洗髮／護髮","QUALUCIA COLOR","紫藤櫻","250mL","480","360","800","true","true","LINE_ALBUM_Fiole價目表_260804_7.jpg",""
"FIOLE-0152","7","洗髮／護髮","QUALUCIA COLOR","雪青紫","250mL","480","360","800","true","true","LINE_ALBUM_Fiole價目表_260804_7.jpg",""
"FIOLE-0153","7","洗髮／護髮","QUALUCIA COLOR","極光紫","1L","1260","945","2100","true","true","LINE_ALBUM_Fiole價目表_260804_7.jpg",""
"FIOLE-0154","7","洗髮／護髮","QUALUCIA COLOR","仙氣粉","1L","1260","945","2100","true","true","LINE_ALBUM_Fiole價目表_260804_7.jpg",""
"FIOLE-0155","7","洗髮／護髮","QUALUCIA COLOR","清水灰","1L","1260","945","2100","true","true","LINE_ALBUM_Fiole價目表_260804_7.jpg",""
"FIOLE-0156","7","洗髮／護髮","QUALUCIA COLOR","琥珀橘","1L","1260","945","2100","true","true","LINE_ALBUM_Fiole價目表_260804_7.jpg",""
"FIOLE-0157","7","洗髮／護髮","QUALUCIA COLOR","布朗棕","1L","1260","945","2100","true","true","LINE_ALBUM_Fiole價目表_260804_7.jpg",""
"FIOLE-0158","7","洗髮／護髮","QUALUCIA COLOR","奶霜棕","1L","1260","945","2100","true","true","LINE_ALBUM_Fiole價目表_260804_7.jpg",""
"FIOLE-0159","7","護髮／造型","QUALUCIA COLOR","水透光感凝膠（小）","30g","250","188","500","true","true","LINE_ALBUM_Fiole價目表_260804_7.jpg",""
"FIOLE-0160","7","護髮／造型","QUALUCIA COLOR","水透光感凝膠（大）","100g","460","345","920","true","true","LINE_ALBUM_Fiole價目表_260804_7.jpg",""
"FIOLE-0161","7","護髮／造型","CHIARO HAIR WATER","蜂晨水水髮妝噴霧","150mL","295","221","590","true","true","LINE_ALBUM_Fiole價目表_260804_7.jpg",""
"FIOLE-0162","7","護髮／造型","MODALIE","漂漂惹人愛 免沖洗護髮油","100mL","650","488","1300","true","true","LINE_ALBUM_Fiole價目表_260804_7.jpg",""
"FIOLE-0163","7","護髮／造型","MODALIE","亮亮惹人愛 造型髮油","50mL","440","330","880","true","true","LINE_ALBUM_Fiole價目表_260804_7.jpg",""
"FIOLE-0164","7","護髮／造型","MODALIE","俏俏惹人愛 造型蠟","80g","440","330","880","true","true","LINE_ALBUM_Fiole價目表_260804_7.jpg",""
"FIOLE-0165","7","護髮／造型","MODALIE","捲捲惹人愛 造型乳","80g","440","330","880","true","true","LINE_ALBUM_Fiole價目表_260804_7.jpg",""
"FIOLE-0166","7","護髮／造型","MODALIE","噴噴惹人愛 造型噴霧","120g","385","289","770","true","true","LINE_ALBUM_Fiole價目表_260804_7.jpg",""
"FIOLE-0167","7","護髮／造型","MODALIE","閃閃惹人愛 造型膏","25g","440","330","880","true","true","LINE_ALBUM_Fiole價目表_260804_7.jpg",""
"FIOLE-0168","7","護髮／造型","MODALIE","泡泡惹人愛 造型慕斯","200g","440","330","880","true","true","LINE_ALBUM_Fiole價目表_260804_7.jpg",""
"FIOLE-0169","7","護髮／造型","MODALIE","硬派惹人帥 造型蠟","58g","440","330","880","true","true","LINE_ALBUM_Fiole價目表_260804_7.jpg",""
"FIOLE-0170","7","護髮／造型","MODALIE","輕浮惹人帥 造型髮泥","58g","440","330","880","true","true","LINE_ALBUM_Fiole價目表_260804_7.jpg",""
"FIOLE-0171","7","護髮／造型","MODALIE","俐落惹人帥 造型膏","100g","440","330","880","true","true","LINE_ALBUM_Fiole價目表_260804_7.jpg",""
"FIOLE-0172","7","護髮／造型","MODALIE","濕紋惹人帥 造型膠","140g","440","330","880","true","true","LINE_ALBUM_Fiole價目表_260804_7.jpg",""
"FIOLE-0173","7","護髮／造型","MODALIE","噴噴惹人帥 造型噴霧","200g","385","289","770","true","true","LINE_ALBUM_Fiole價目表_260804_7.jpg",""
"FIOLE-0174","7","護髮／造型","MODALIE","泡泡惹人帥 造型慕斯","200g","440","330","880","true","true","LINE_ALBUM_Fiole價目表_260804_7.jpg",""
"FIOLE-0175","8","護髮／造型","幾何圖騰噴霧","FREEZE 超強力造型","200g","400","300","800","true","true","LINE_ALBUM_Fiole價目表_260804_8.jpg",""
"FIOLE-0176","8","護髮／造型","幾何圖騰噴霧","FREEZE 超強力造型 mini","70g","225","169","450","true","true","LINE_ALBUM_Fiole價目表_260804_8.jpg",""
"FIOLE-0177","8","護髮／造型","幾何圖騰噴霧","MOVING HARD 強力造型","200g","400","300","800","true","true","LINE_ALBUM_Fiole價目表_260804_8.jpg",""
"FIOLE-0178","8","護髮／造型","幾何圖騰噴霧","CURL BOUNCE 彈性造型（電棒前）","200g","400","300","800","true","true","LINE_ALBUM_Fiole價目表_260804_8.jpg",""
"FIOLE-0179","8","護髮／造型","幾何圖騰噴霧","CURL BOUNCE 彈性造型 mini","70g","225","169","450","true","true","LINE_ALBUM_Fiole價目表_260804_8.jpg",""
"FIOLE-0180","8","護髮／造型","幾何圖騰噴霧","BEACH WAVE 記憶造型（電棒後）","200g","400","300","800","true","false","LINE_ALBUM_Fiole價目表_260804_8.jpg",""
"FIOLE-0181","8","護髮／造型","幾何圖騰噴霧","SILKY 光澤造型","180g","400","300","800","true","true","LINE_ALBUM_Fiole價目表_260804_8.jpg",""
"FIOLE-0182","8","護髮／造型","幾何圖騰噴霧","CURL WHIP FORM 造型慕斯","230g","400","300","800","true","true","LINE_ALBUM_Fiole價目表_260804_8.jpg",""
"FIOLE-0183","8","護髮／造型","幾何圖騰噴霧","NATURAL KEEP MIST 蓬鬆噴霧","150mL","400","300","800","true","true","LINE_ALBUM_Fiole價目表_260804_8.jpg",""
"FIOLE-0184","8","護髮／造型","幾何圖騰髮蠟","SUPER HARD 超強力造型","80g","475","356","950","true","true","LINE_ALBUM_Fiole價目表_260804_8.jpg",""
"FIOLE-0185","8","護髮／造型","幾何圖騰髮蠟","HARD 強力造型","80g","475","356","950","true","true","LINE_ALBUM_Fiole價目表_260804_8.jpg",""
"FIOLE-0186","8","護髮／造型","幾何圖騰髮蠟","NUANCE 空氣感造型","80g","475","356","950","true","true","LINE_ALBUM_Fiole價目表_260804_8.jpg",""
"FIOLE-0187","8","護髮／造型","幾何圖騰髮蠟","HARD GEL 造型髮膠","80g","475","356","950","true","true","LINE_ALBUM_Fiole價目表_260804_8.jpg",""
"FIOLE-0188","8","護髮／造型","幾何圖騰髮蠟","NATURAL 輕柔造型","80g","475","356","950","true","true","LINE_ALBUM_Fiole價目表_260804_8.jpg",""
"FIOLE-0189","8","護髮／造型","幾何圖騰髮蠟","MOIST MILK 造型乳","80g","475","356","950","true","true","LINE_ALBUM_Fiole價目表_260804_8.jpg",""
"FIOLE-0190","9","洗髮／護髮","F.AID Purifica 旅行","艾得洗髮精 羽潤","100mL","200","150","400","true","true","LINE_ALBUM_Fiole價目表_260804_9.jpg",""
"FIOLE-0191","9","洗髮／護髮","F.AID Purifica 旅行","艾得洗髮精 輕潤","100mL","200","150","400","true","true","LINE_ALBUM_Fiole價目表_260804_9.jpg",""
"FIOLE-0192","9","洗髮／護髮","F.AID Purifica 旅行","艾得保護膜 羽潤","100g","200","150","400","true","true","LINE_ALBUM_Fiole價目表_260804_9.jpg",""
"FIOLE-0193","9","洗髮／護髮","F.AID Purifica 旅行","艾得保護膜 輕潤","100g","200","150","400","true","true","LINE_ALBUM_Fiole價目表_260804_9.jpg",""
"FIOLE-0194","9","洗髮／護髮","F.AID Purifica 旅行","艾得保護膜 極潤","100g","200","150","400","true","true","LINE_ALBUM_Fiole價目表_260804_9.jpg",""
"FIOLE-0195","9","洗髮／護髮","F.AID Purifica 店販","艾得洗髮精 羽潤","400mL","575","431","1150","true","true","LINE_ALBUM_Fiole價目表_260804_9.jpg",""
"FIOLE-0196","9","洗髮／護髮","F.AID Purifica 店販","艾得洗髮精 輕潤","400mL","575","431","1150","true","true","LINE_ALBUM_Fiole價目表_260804_9.jpg",""
"FIOLE-0197","9","洗髮／護髮","F.AID Purifica 店販","艾得保護膜 羽潤","400g","575","431","1150","true","true","LINE_ALBUM_Fiole價目表_260804_9.jpg",""
"FIOLE-0198","9","洗髮／護髮","F.AID Purifica 店販","艾得保護膜 輕潤","400g","575","431","1150","true","true","LINE_ALBUM_Fiole價目表_260804_9.jpg",""
"FIOLE-0199","9","洗髮／護髮","F.AID Purifica 店販","艾得保護膜 極潤","400g","575","431","1150","true","true","LINE_ALBUM_Fiole價目表_260804_9.jpg",""
"FIOLE-0200","9","洗髮／護髮","F.AID Purifica 補充包","艾得洗髮精 羽潤","800mL","800","600","1600","true","true","LINE_ALBUM_Fiole價目表_260804_9.jpg",""
"FIOLE-0201","9","洗髮／護髮","F.AID Purifica 補充包","艾得洗髮精 輕潤","800mL","800","600","1600","true","true","LINE_ALBUM_Fiole價目表_260804_9.jpg",""
"FIOLE-0202","9","洗髮／護髮","F.AID Purifica 補充包","艾得保護膜 羽潤","800g","800","600","1600","true","true","LINE_ALBUM_Fiole價目表_260804_9.jpg",""
"FIOLE-0203","9","洗髮／護髮","F.AID Purifica 補充包","艾得保護膜 輕潤","800g","800","600","1600","true","true","LINE_ALBUM_Fiole價目表_260804_9.jpg",""
"FIOLE-0204","9","洗髮／護髮","F.AID Purifica 補充包","艾得保護膜 極潤","800g","800","600","1600","true","true","LINE_ALBUM_Fiole價目表_260804_9.jpg",""
"FIOLE-0205","9","護髮／造型","雪透光","艾得 MiL 免沖洗護髮","150mL","550","413","1100","true","true","LINE_ALBUM_Fiole價目表_260804_9.jpg",""
"FIOLE-0206","9","護髮／造型","雪透光","艾得 MiL 免沖洗護髮 旅行包","3mL","30","23","60","true","true","LINE_ALBUM_Fiole價目表_260804_9.jpg",""
"FIOLE-0207","9","護髮／造型","極曜光","Purifica LiM HAIR CARE OIL 極曜光精粹油","80mL","840","630","1680","true","true","LINE_ALBUM_Fiole價目表_260804_9.jpg",""
"FIOLE-0208","10","護髮系統","黑曜光感","黑曜光 PRO 1","600mL","1300","975","0","true","true","LINE_ALBUM_Fiole價目表_260804_10.jpg",""
"FIOLE-0209","10","護髮系統","黑曜光感","黑曜光 PRO 2S","600g","1800","1350","0","true","true","LINE_ALBUM_Fiole價目表_260804_10.jpg",""
"FIOLE-0210","10","護髮系統","黑曜光感","黑曜光 PRO 2M","600g","1800","1350","0","true","true","LINE_ALBUM_Fiole價目表_260804_10.jpg",""
"FIOLE-0211","10","護髮系統","黑曜光感","黑曜光 PRO 3","600mL","1300","975","0","true","true","LINE_ALBUM_Fiole價目表_260804_10.jpg",""
"FIOLE-0212","10","護髮系統","黑曜光感","黑曜光 PRO 4","600g","1800","1350","0","true","true","LINE_ALBUM_Fiole價目表_260804_10.jpg",""
"FIOLE-0213","10","護髮系統","黑曜光感","黑曜光 PRO 4D","600g","1800","1350","0","true","true","LINE_ALBUM_Fiole價目表_260804_10.jpg",""
"FIOLE-0214","10","其他耗材","黑曜光感瓶材","黑曜光 PRO 1 噴瓶","200mL","150","113","0","true","true","LINE_ALBUM_Fiole價目表_260804_10.jpg",""
"FIOLE-0215","10","其他耗材","黑曜光感瓶材","黑曜光 PRO 護髮刷","","150","113","0","true","true","LINE_ALBUM_Fiole價目表_260804_10.jpg",""
"FIOLE-0216","10","其他耗材","黑曜光感瓶材","黑曜光 PRO 護髮碗","","130","98","0","true","true","LINE_ALBUM_Fiole價目表_260804_10.jpg",""
"FIOLE-0217","10","其他耗材","黑曜光感瓶材","黑曜光 PRO 3 慕斯瓶","30mL","150","113","0","true","true","LINE_ALBUM_Fiole價目表_260804_10.jpg",""
"FIOLE-0218","10","其他耗材","黑曜光感瓶材","黑曜光 PRO 4 押頭","","60","45","0","true","true","LINE_ALBUM_Fiole價目表_260804_10.jpg",""
"FIOLE-0219","10","其他耗材","黑曜光感瓶材","黑曜光 PRO 4 支架","","250","188","0","true","true","LINE_ALBUM_Fiole價目表_260804_10.jpg",""
"FIOLE-0220","10","其他耗材","台車","專業台車","","8000","6000","0","true","true","LINE_ALBUM_Fiole價目表_260804_10.jpg",""
"FIOLE-0221","11","洗髮／護髮","MAD 瓶裝","MAD 鎖色修護護髮素","1000mL","450","338","900","true","true","LINE_ALBUM_Fiole價目表_260804_11.jpg",""
"FIOLE-0222","11","洗髮／護髮","MAD 瓶裝","MAD 清爽控油洗髮精","1000mL","450","338","900","true","true","LINE_ALBUM_Fiole價目表_260804_11.jpg",""
"FIOLE-0223","11","洗髮／護髮","MAD 瓶裝","MAD 深層淨化洗髮精","1000mL","450","338","900","true","true","LINE_ALBUM_Fiole價目表_260804_11.jpg",""
"FIOLE-0224","11","洗髮／護髮","MAD 桶裝","MAD 鎖色修護護髮素","3785mL","1900","1425","0","true","true","LINE_ALBUM_Fiole價目表_260804_11.jpg",""
"FIOLE-0225","11","洗髮／護髮","MAD 桶裝","MAD 清爽控油洗髮精","3785mL","1900","1425","0","true","true","LINE_ALBUM_Fiole價目表_260804_11.jpg",""
"FIOLE-0226","11","洗髮／護髮","MAD 桶裝","MAD 深層淨化洗髮精","3785mL","1900","1425","0","true","true","LINE_ALBUM_Fiole價目表_260804_11.jpg",""
"FIOLE-0227","11","洗髮／護髮","f.一日之計","初露 淨屑洗髮精","50mL","100","75","200","true","true","LINE_ALBUM_Fiole價目表_260804_11.jpg",""
"FIOLE-0228","11","洗髮／護髮","f.一日之計","花朝 護色洗髮精","50mL","100","75","200","true","true","LINE_ALBUM_Fiole價目表_260804_11.jpg",""
"FIOLE-0229","11","洗髮／護髮","f.一日之計","晨曦 控油洗髮精","50mL","100","75","200","true","true","LINE_ALBUM_Fiole價目表_260804_11.jpg",""
"FIOLE-0230","11","洗髮／護髮","f.一日之計","暮夜 蘊髮洗髮精","50mL","100","75","200","true","true","LINE_ALBUM_Fiole價目表_260804_11.jpg",""
"FIOLE-0231","11","洗髮／護髮","f.一日之計","日出花語 護髮乳","50mL","100","75","200","true","true","LINE_ALBUM_Fiole價目表_260804_11.jpg",""
"FIOLE-0232","11","洗髮／護髮","f.一日之計","初露 淨屑洗髮精","500mL","440","330","880","true","true","LINE_ALBUM_Fiole價目表_260804_11.jpg",""
"FIOLE-0233","11","洗髮／護髮","f.一日之計","花朝 護色洗髮精","500mL","440","330","880","true","true","LINE_ALBUM_Fiole價目表_260804_11.jpg",""
"FIOLE-0234","11","洗髮／護髮","f.一日之計","晨曦 控油洗髮精","500mL","440","330","880","true","true","LINE_ALBUM_Fiole價目表_260804_11.jpg",""
"FIOLE-0235","11","洗髮／護髮","f.一日之計","暮夜 蘊髮洗髮精","500mL","490","368","980","true","true","LINE_ALBUM_Fiole價目表_260804_11.jpg",""
"FIOLE-0236","11","洗髮／護髮","f.一日之計","日出花語 護髮乳","500mL","440","330","880","true","true","LINE_ALBUM_Fiole價目表_260804_11.jpg",""
"FIOLE-0237","11","洗髮／護髮","f.一日之計","初露 淨屑洗髮精","2000mL","1200","900","0","true","true","LINE_ALBUM_Fiole價目表_260804_11.jpg",""
"FIOLE-0238","11","洗髮／護髮","f.一日之計","花朝 護色洗髮精","2000mL","1200","900","0","true","true","LINE_ALBUM_Fiole價目表_260804_11.jpg",""
"FIOLE-0239","11","洗髮／護髮","f.一日之計","晨曦 控油洗髮精","2000mL","1200","900","0","true","true","LINE_ALBUM_Fiole價目表_260804_11.jpg",""
"FIOLE-0240","11","洗髮／護髮","f.一日之計","暮夜 蘊髮洗髮精","2000mL","1200","900","0","true","true","LINE_ALBUM_Fiole價目表_260804_11.jpg",""
"FIOLE-0241","11","洗髮／護髮","f.一日之計","日出花語 護髮乳","2000mL","1200","900","0","true","true","LINE_ALBUM_Fiole價目表_260804_11.jpg",""
"FIOLE-0242","11","護髮／造型","f.一日之計","日光夢境 免沖洗護髮","30mL","245","184","490","true","true","LINE_ALBUM_Fiole價目表_260804_11.jpg",""
